{
  "general": {
    "Short Summary": "Summarize the provided primary textual content of a webpage. First, identify its content type (e.g., news article, blog post, product description, forum discussion). Then, create a concise 3-sentence summary highlighting the main topic and key takeaways.",
    "Detailed Summary": "Summarize the provided primary textual content of a webpage. First, identify its content type (e.g., news article, blog post, product description, forum discussion). Then, provide a comprehensive summary that includes: the main topic or purpose, key sections or arguments presented, important facts or features discussed, and the overall conclusion or primary objective of the content."
  },
  "youtube": {
    "Short Summary": "Summarize this YouTube video in 3-5 sentences covering the main topic and key points discussed or shown.",
    "Detailed Summary": "Create a detailed summary of this YouTube video including: introduction (topic/presenter), timeline of main points with approximate timestamps, key insights or demonstrations, and important quotes or conclusions presented."
  },
  "reddit": {
    "Short Summary": "Summarize this Reddit post in a brief 3-sentence overview, including the main question/topic and the key community responses or perspectives shared.",
    "Detailed Summary": "Summarize this Reddit post comprehensively, including: the original post's question/topic, main arguments in top comments, differing perspectives shared, comments offering notable information or expertise, and any useful resources or links mentioned (if any)."
  },
  "pdf": {
    "Short Summary": "Summarize this PDF in 5 sentences or less, covering the document type, main topic, and key findings or conclusions.",
    "Detailed Summary": "Create a detailed summary of this PDF including: document type, author/organization (if available), executive summary/abstract (if present), methodology (if applicable), key points from each main section, important data/statistics, and the main conclusions or recommendations."
  }
}